No,Bg,Bgm,Count,Enemies,Probs,Boss
1,AncientForest,,5|5|5,10001,100,
2,,,5|5|5|5,10001|10002,50|50,
3,,,5|5|5|5|5,10001|10002|10003,40|50|50,
4,,,5|5|5|5|5,10001|10002|10003,30|50|50,
5,,,5|5|5|5|5,10001|10002|10003|10004,20|30|40|50,
6,,,5|5|5|5|5,10001|10002|10003|10004,20|30|50|60,
7,,,5|5|5|5|5,10001|10002|10003|10004|10005,20|30|40|50|60,
8,,,5|5|5|5|5,10001|10002|10003|10004|10005,20|30|40|50|60,
9,,,5|5|5|5|5,10001|10002|10003|10004|10005,20|30|40|50|60,
10,,,5|5|5|5|5,10001|10002|10003|10004|10005|10006,20|30|40|50|60|70,20001
11,,,5|5|5|5|5,10001|10002|10003|10004|10005|10006,20|30|40|50|60|70,
12,,,5|5|5|5|5,10001|10002|10003|10004|10005|10006,20|30|40|50|60|70,
13,,,5|5|5|5|5,10001|10002|10003|10004|10005|10006,20|30|40|50|60|70,
14,,,5|5|5|5|5,10001|10002|10003|10004|10005|10006,20|30|40|50|60|70,
15,,,5|5|5|5|5,10001|10002|10003|10004|10005|10006|10007,20|30|40|50|60|70|80,
16,,,5|5|5|5|5,10001|10002|10003|10004|10005|10006|10007,20|30|40|50|60|70|80,
17,,,5|5|5|5|5,10001|10002|10003|10004|10005|10006|10007,20|30|40|50|60|70|80,
18,,,5|5|5|5|5,10001|10002|10003|10004|10005|10006|10007,20|30|40|50|60|70|80,
19,,,5|5|5|5|5,10001|10002|10003|10004|10005|10006|10007,20|30|40|50|60|70|80,
20,,,5|5|5|5|5,10002|10003|10004|10005|10006|10007,40|50|60|70|80,20002
21,,,5|5|5|5|5,10001|10002|10003|10004|10005|10006|10007,10|30|40|50|60|70|80,
22,,,5|5|5|5|5,10001|10002|10003|10004|10005|10006|10007,10|30|40|50|60|70|80,
23,,,5|5|5|5|5,10001|10002|10003|10004|10005|10006|10007,10|30|40|50|60|70|80,
24,,,5|5|5|5|5,10001|10002|10003|10004|10005|10006|10007,10|30|40|50|60|70|80,
25,,,5|5|5|5|5,10001|10002|10003|10004|10005|10006|10007,10|30|40|50|60|70|80,
26,,,5|5|5|5|5,10001|10002|10003|10004|10005|10006|10007,10|30|40|50|60|70|80,
27,,,5|5|5|5|5,10001|10002|10003|10004|10005|10006|10007,10|30|40|50|60|70|80,
28,,,5|5|5|5|5,10001|10002|10003|10004|10005|10006|10007,10|30|40|50|60|70|80,
29,,,5|5|5|5|5,10001|10002|10003|10004|10005|10006|10007,10|30|40|50|60|70|80,
30,,,5|5|5|5|5,10003|10004|10005|10006|10007|10008,40|50|60|70|80|90,20003
31,,,5|5|5|5|5,10002|10003|10004|10005|10006|10007|10008,10|30|40|50|60|70|80,
32,,,5|5|5|5|5,10002|10003|10004|10005|10006|10007|10008,10|30|40|50|60|70|80,
33,,,5|5|5|5|5,10002|10003|10004|10005|10006|10007|10008,10|30|40|50|60|70|80,
34,,,5|5|5|5|5,10002|10003|10004|10005|10006|10007|10008,10|30|40|50|60|70|80,
35,,,5|5|5|5|5,10002|10003|10004|10005|10006|10007|10008,10|30|40|50|60|70|80,
36,,,5|5|5|5|5,10002|10003|10004|10005|10006|10007|10008,10|30|40|50|60|70|80,
37,,,5|5|5|5|5,10002|10003|10004|10005|10006|10007|10008,10|30|40|50|60|70|80,
38,,,5|5|5|5|5,10002|10003|10004|10005|10006|10007|10008,10|30|40|50|60|70|80,
39,,,5|5|5|5|5,10002|10003|10004|10005|10006|10007|10008,10|30|40|50|60|70|80,
40,,,5|5|5|5|5,10004|10005|10006|10007|10008|10009,10|30|40|50|60|70,20004
41,,,5|5|5|5|5,10003|10004|10005|10006|10007|10008|10009,10|30|40|50|60|70|80,
42,,,5|5|5|5|5,10003|10004|10005|10006|10007|10008|10009,10|30|40|50|60|70|80,
43,,,5|5|5|5|5,10003|10004|10005|10006|10007|10008|10009,10|30|40|50|60|70|80,
44,,,5|5|5|5|5,10003|10004|10005|10006|10007|10008|10009,10|30|40|50|60|70|80,
45,,,5|5|5|5|5,10003|10004|10005|10006|10007|10008|10009,10|30|40|50|60|70|80,
46,,,5|5|5|5|5,10003|10004|10005|10006|10007|10008|10009,10|30|40|50|60|70|80,
47,,,5|5|5|5|5,10003|10004|10005|10006|10007|10008|10009,10|30|40|50|60|70|80,
48,,,5|5|5|5|5,10003|10004|10005|10006|10007|10008|10009,10|30|40|50|60|70|80,
49,,,5|5|5|5|5,10003|10004|10005|10006|10007|10008|10009,10|30|40|50|60|70|80,
50,,,5|5|5|5|5,10005|10006|10007|10008|10009,10|30|40|50|70,20005
51,Desert,,5|5|5|5|5,10001|10002|10003|10004|10012,20|30|40|50|60,
52,,,5|5|5|5|5,10001|10002|10003|10004|10012,20|30|40|50|60,
53,,,5|5|5|5|5,10001|10002|10003|10004|10012,20|30|40|50|60,
54,,,5|5|5|5|5,10001|10002|10003|10004|10012,20|30|40|50|60,
55,,,5|5|5|5|5,10001|10002|10003|10004|10012,20|30|40|50|60,
56,,,5|5|5|5|5,10001|10002|10003|10004|10012,20|30|40|50|60,
57,,,5|5|5|5|5,10001|10002|10003|10004|10012,20|30|40|50|60,
58,,,5|5|5|5|5,10001|10002|10003|10004|10012,20|30|40|50|60,
59,,,5|5|5|5|5,10001|10002|10003|10004|10012,20|30|40|50|60,
60,,,5|5|5|5|5,10002|10003|10004|10005|10012|10013,20|30|40|50|60|70,20006
61,,,5|5|5|5|5,10002|10003|10004|10005|10012|10013,20|30|40|50|60|70,
62,,,5|5|5|5|5,10002|10003|10004|10005|10012|10013,20|30|40|50|60|70,
63,,,5|5|5|5|5,10002|10003|10004|10005|10012|10013,20|30|40|50|60|70,
64,,,5|5|5|5|5,10002|10003|10004|10005|10012|10013,20|30|40|50|60|70,
65,,,5|5|5|5|5,10002|10003|10004|10005|10012|10013,20|30|40|50|60|70,
66,,,5|5|5|5|5,10002|10003|10004|10005|10012|10013,20|30|40|50|60|70,
67,,,5|5|5|5|5,10002|10003|10004|10005|10012|10013,20|30|40|50|60|70,
68,,,5|5|5|5|5,10002|10003|10004|10005|10012|10013,20|30|40|50|60|70,
69,,,5|5|5|5|5,10002|10003|10004|10005|10012|10013,20|30|40|50|60|70,
70,,,5|5|5|5|5,10002|10003|10004|10005|10012|10013,20|30|40|50|60|70,20007
71,,,5|5|5|5|5,10001|10002|10003|10004|10012|10013|10014,10|30|40|50|60|70|80,
72,,,5|5|5|5|5,10001|10002|10003|10004|10012|10013|10014,10|30|40|50|60|70|80,
73,,,5|5|5|5|5,10001|10002|10003|10004|10012|10013|10014,10|30|40|50|60|70|80,
74,,,5|5|5|5|5,10001|10002|10003|10004|10012|10013|10014,10|30|40|50|60|70|80,
75,,,5|5|5|5|5,10001|10002|10003|10004|10012|10013|10014,10|30|40|50|60|70|80,
76,,,5|5|5|5|5,10001|10002|10003|10004|10012|10013|10014,10|30|40|50|60|70|80,
77,,,5|5|5|5|5,10001|10002|10003|10004|10012|10013|10014,10|30|40|50|60|70|80,
78,,,5|5|5|5|5,10001|10002|10003|10004|10012|10013|10014,10|30|40|50|60|70|80,
79,,,5|5|5|5|5,10001|10002|10003|10004|10012|10013|10014,10|30|40|50|60|70|80,
80,,,5|5|5|5|5,10003|10004|10005|10012|10013|10014,40|50|60|70|80|90,20003
81,,,5|5|5|5|5,10002|10003|10004|10012|10013|10014|10015,10|30|40|50|60|70|80,
82,,,5|5|5|5|5,10002|10003|10004|10012|10013|10014|10015,10|30|40|50|60|70|80,
83,,,5|5|5|5|5,10002|10003|10004|10012|10013|10014|10015,10|30|40|50|60|70|80,
84,,,5|5|5|5|5,10002|10003|10004|10012|10013|10014|10015,10|30|40|50|60|70|80,
85,,,5|5|5|5|5,10002|10003|10004|10012|10013|10014|10015,10|30|40|50|60|70|80,
86,,,5|5|5|5|5,10002|10003|10004|10012|10013|10014|10015,10|30|40|50|60|70|80,
87,,,5|5|5|5|5,10002|10003|10004|10012|10013|10014|10015,10|30|40|50|60|70|80,
88,,,5|5|5|5|5,10002|10003|10004|10012|10013|10014|10015,10|30|40|50|60|70|80,
89,,,5|5|5|5|5,10002|10003|10004|10012|10013|10014|10015,10|30|40|50|60|70|80,
90,,,5|5|5|5|5,10004|10005|10012|10013|10014|10015,10|30|40|50|60|70,20008
91,,,5|5|5|5|5,10007|10008|10009|10012|10013|10014|10015,10|30|40|50|60|70|80,
92,,,5|5|5|5|5,10007|10008|10009|10012|10013|10014|10015,10|30|40|50|60|70|80,
93,,,5|5|5|5|5,10007|10008|10009|10012|10013|10014|10015,10|30|40|50|60|70|80,
94,,,5|5|5|5|5,10007|10008|10009|10012|10013|10014|10015,10|30|40|50|60|70|80,
95,,,5|5|5|5|5,10007|10008|10009|10012|10013|10014|10015,10|30|40|50|60|70|80,
96,,,5|5|5|5|5,10007|10008|10009|10012|10013|10014|10015,10|30|40|50|60|70|80,
97,,,5|5|5|5|5,10007|10008|10009|10012|10013|10014|10015,10|30|40|50|60|70|80,
98,,,5|5|5|5|5,10007|10008|10009|10012|10013|10014|10015,10|30|40|50|60|70|80,
99,,,5|5|5|5|5,10007|10008|10009|10012|10013|10014|10015,10|30|40|50|60|70|80,
100,,,5|5|5|5|5,10012|10013|10014|10015,10|20|30|40,20009
101,WetLand,,5|5|5|5|5,10001|10013|10014|10016|10017,20|30|40|50|60,
102,,,5|5|5|5|5,10001|10013|10014|10016|10017,20|30|40|50|60,
103,,,5|5|5|5|5,10001|10013|10014|10016|10017,20|30|40|50|60,
104,,,5|5|5|5|5,10001|10013|10014|10016|10017,20|30|40|50|60,
105,,,5|5|5|5|5,10001|10013|10014|10016|10017,20|30|40|50|60,
106,,,5|5|5|5|5,10001|10013|10014|10016|10017,20|30|40|50|60,
107,,,5|5|5|5|5,10001|10013|10014|10016|10017,20|30|40|50|60,
108,,,5|5|5|5|5,10001|10013|10014|10016|10017,20|30|40|50|60,
109,,,5|5|5|5|5,10001|10013|10014|10016|10017,20|30|40|50|60,
110,,,5|5|5|5|5,10012|10013|10014|10016|10017|10018,20|30|40|50|60|70,20010
111,,,5|5|5|5|5,10012|10013|10014|10016|10017|10018,20|30|40|50|60|70,
112,,,5|5|5|5|5,10012|10013|10014|10016|10017|10018,20|30|40|50|60|70,
113,,,5|5|5|5|5,10012|10013|10014|10016|10017|10018,20|30|40|50|60|70,
114,,,5|5|5|5|5,10012|10013|10014|10016|10017|10018,20|30|40|50|60|70,
115,,,5|5|5|5|5,10012|10013|10014|10016|10017|10018,20|30|40|50|60|70,
116,,,5|5|5|5|5,10012|10013|10014|10016|10017|10018,20|30|40|50|60|70,
117,,,5|5|5|5|5,10012|10013|10014|10016|10017|10018,20|30|40|50|60|70,
118,,,5|5|5|5|5,10012|10013|10014|10016|10017|10018,20|30|40|50|60|70,
119,,,5|5|5|5|5,10012|10013|10014|10016|10017|10018,20|30|40|50|60|70,
120,,,5|5|5|5|5,10012|10013|10014|10016|10017|10018,20|30|40|50|60|70,20011
121,,,5|5|5|5|5,10012|10013|10014|10016|10017|10018|10019,10|30|40|50|60|70|80,
122,,,5|5|5|5|5,10012|10013|10014|10016|10017|10018|10019,10|30|40|50|60|70|80,
123,,,5|5|5|5|5,10012|10013|10014|10016|10017|10018|10019,10|30|40|50|60|70|80,
124,,,5|5|5|5|5,10012|10013|10014|10016|10017|10018|10019,10|30|40|50|60|70|80,
125,,,5|5|5|5|5,10012|10013|10014|10016|10017|10018|10019,10|30|40|50|60|70|80,
126,,,5|5|5|5|5,10012|10013|10014|10016|10017|10018|10019,10|30|40|50|60|70|80,
127,,,5|5|5|5|5,10012|10013|10014|10016|10017|10018|10019,10|30|40|50|60|70|80,
128,,,5|5|5|5|5,10012|10013|10014|10016|10017|10018|10019,10|30|40|50|60|70|80,
129,,,5|5|5|5|5,10012|10013|10014|10016|10017|10018|10019,10|30|40|50|60|70|80,
130,,,5|5|5|5|5,10013|10014|10016|10017|10018|10019,40|50|60|70|80|90,20012
131,,,5|5|5|5|5,10013|10014|10015|10016|10017|10018|10019,10|30|40|50|60|70|80,
132,,,5|5|5|5|5,10013|10014|10015|10016|10017|10018|10019,10|30|40|50|60|70|80,
133,,,5|5|5|5|5,10013|10014|10015|10016|10017|10018|10019,10|30|40|50|60|70|80,
134,,,5|5|5|5|5,10013|10014|10015|10016|10017|10018|10019,10|30|40|50|60|70|80,
135,,,5|5|5|5|5,10013|10014|10015|10016|10017|10018|10019,10|30|40|50|60|70|80,
136,,,5|5|5|5|5,10013|10014|10015|10016|10017|10018|10019,10|30|40|50|60|70|80,
137,,,5|5|5|5|5,10013|10014|10015|10016|10017|10018|10019,10|30|40|50|60|70|80,
138,,,5|5|5|5|5,10013|10014|10015|10016|10017|10018|10019,10|30|40|50|60|70|80,
139,,,5|5|5|5|5,10013|10014|10015|10016|10017|10018|10019,10|30|40|50|60|70|80,
140,,,5|5|5|5|5,10015|10016|10017|10018|10019|10020,10|30|40|50|60|70,20013
141,,,5|5|5|5|5,10013|10014|10016|10017|10018|10019|10020,10|30|40|50|60|70|80,
142,,,5|5|5|5|5,10013|10014|10016|10017|10018|10019|10020,10|30|40|50|60|70|80,
143,,,5|5|5|5|5,10013|10014|10016|10017|10018|10019|10020,10|30|40|50|60|70|80,
144,,,5|5|5|5|5,10013|10014|10016|10017|10018|10019|10020,10|30|40|50|60|70|80,
145,,,5|5|5|5|5,10013|10014|10016|10017|10018|10019|10020,10|30|40|50|60|70|80,
146,,,5|5|5|5|5,10013|10014|10016|10017|10018|10019|10020,10|30|40|50|60|70|80,
147,,,5|5|5|5|5,10013|10014|10016|10017|10018|10019|10020,10|30|40|50|60|70|80,
148,,,5|5|5|5|5,10013|10014|10016|10017|10018|10019|10020,10|30|40|50|60|70|80,
149,,,5|5|5|5|5,10013|10014|10016|10017|10018|10019|10020,10|30|40|50|60|70|80,
150,,,5|5|5|5|5,10016|10017|10018|10019|10020|10021,10|20|30|40|50|60,20014
151,,,5|5|5|5|5,10019|10013|10014|10016|10017,20|30|40|50|60,
152,,,5|5|5|5|5,10019|10013|10014|10016|10017,20|30|40|50|60,
153,,,5|5|5|5|5,10019|10013|10014|10016|10017,20|30|40|50|60,
154,,,5|5|5|5|5,10019|10013|10014|10016|10017,20|30|40|50|60,
155,,,5|5|5|5|5,10019|10013|10014|10016|10017,20|30|40|50|60,
156,,,5|5|5|5|5,10019|10013|10014|10016|10017,20|30|40|50|60,
157,,,5|5|5|5|5,10019|10013|10014|10016|10017,20|30|40|50|60,
158,,,5|5|5|5|5,10019|10013|10014|10016|10017,20|30|40|50|60,
159,,,5|5|5|5|5,10019|10013|10014|10016|10017,20|30|40|50|60,
160,,,5|5|5|5|5,10020|10013|10014|10016|10017|10018,20|30|40|50|60|70,20012
161,,,5|5|5|5|5,10020|10013|10014|10016|10017|10018,20|30|40|50|60|70,
162,,,5|5|5|5|5,10020|10013|10014|10016|10017|10018,20|30|40|50|60|70,
163,,,5|5|5|5|5,10020|10013|10014|10016|10017|10018,20|30|40|50|60|70,
164,,,5|5|5|5|5,10020|10013|10014|10016|10017|10018,20|30|40|50|60|70,
165,,,5|5|5|5|5,10020|10013|10014|10016|10017|10018,20|30|40|50|60|70,
166,,,5|5|5|5|5,10020|10013|10014|10016|10017|10018,20|30|40|50|60|70,
167,,,5|5|5|5|5,10019|10013|10014|10016|10017|10018,20|30|40|50|60|70,
168,,,5|5|5|5|5,10020|10013|10014|10016|10017|10018,20|30|40|50|60|70,
169,,,5|5|5|5|5,10019|10013|10014|10016|10017|10018,20|30|40|50|60|70,
170,,,5|5|5|5|5,10020|10013|10014|10016|10017|10018,20|30|40|50|60|70,20013
171,,,5|5|5|5|5,10020|10021|10014|10016|10017|10018|10019,10|30|40|50|60|70|80,
172,,,5|5|5|5|5,10012|10013|10014|10016|10017|10018|10019,10|30|40|50|60|70|80,
173,,,5|5|5|5|5,10020|10021|10014|10016|10017|10018|10019,10|30|40|50|60|70|80,
174,,,5|5|5|5|5,10012|10013|10014|10016|10017|10018|10019,10|30|40|50|60|70|80,
175,,,5|5|5|5|5,10020|10021|10014|10016|10017|10018|10019,10|30|40|50|60|70|80,
176,,,5|5|5|5|5,10012|10013|10014|10016|10017|10018|10019,10|30|40|50|60|70|80,
177,,,5|5|5|5|5,10020|10021|10014|10016|10017|10018|10019,10|30|40|50|60|70|80,
178,,,5|5|5|5|5,10012|10013|10014|10016|10017|10018|10019,10|30|40|50|60|70|80,
179,,,5|5|5|5|5,10020|10021|10014|10016|10017|10018|10019,10|30|40|50|60|70|80,
180,,,5|5|5|5|5,10021|10020|10016|10017|10018|10019,40|50|60|70|80|90,20014
181,,,5|5|5|5|5,10020|10021|10014|10016|10017|10018|10019,10|30|40|50|60|70|80,
182,,,5|5|5|5|5,10013|10014|10015|10016|10017|10018|10019,10|30|40|50|60|70|80,
183,,,5|5|5|5|5,10020|10021|10014|10016|10017|10018|10019,10|30|40|50|60|70|80,
184,,,5|5|5|5|5,10013|10014|10015|10016|10017|10018|10019,10|30|40|50|60|70|80,
185,,,5|5|5|5|5,10020|10021|10014|10016|10017|10018|10019,10|30|40|50|60|70|80,
186,,,5|5|5|5|5,10013|10014|10015|10016|10017|10018|10019,10|30|40|50|60|70|80,
187,,,5|5|5|5|5,10020|10021|10014|10016|10017|10018|10019,10|30|40|50|60|70|80,
188,,,5|5|5|5|5,10013|10014|10015|10016|10017|10018|10019,10|30|40|50|60|70|80,
189,,,5|5|5|5|5,10020|10021|10014|10016|10017|10018|10019,10|30|40|50|60|70|80,
190,,,5|5|5|5|5,10021|10016|10017|10018|10019|10020,10|30|40|50|60|70,20015
191,,,5|5|5|5|5,10020|10021|10014|10016|10017|10018|10019,10|30|40|50|60|70|80,
192,,,5|5|5|5|5,10020|10021|10014|10016|10017|10018|10019,10|30|40|50|60|70|80,
193,,,5|5|5|5|5,10013|10014|10016|10017|10018|10019|10020,10|30|40|50|60|70|80,
194,,,5|5|5|5|5,10020|10021|10014|10016|10017|10018|10019,10|30|40|50|60|70|80,
195,,,5|5|5|5|5,10013|10014|10016|10017|10018|10019|10020,10|30|40|50|60|70|80,
196,,,5|5|5|5|5,10020|10021|10014|10016|10017|10018|10019,10|30|40|50|60|70|80,
197,,,5|5|5|5|5,10020|10021|10014|10016|10017|10018|10019,10|30|40|50|60|70|80,
198,,,5|5|5|5|5,10013|10014|10016|10017|10018|10019|10020,10|30|40|50|60|70|80,
199,,,5|5|5|5|5,10020|10021|10014|10016|10017|10018|10019,10|30|40|50|60|70|80,
200,,,5|5|5|5|5,10016|10017|10018|10019|10020|10021,10|20|30|40,20016
201,SnowLand,,5|5|5|5|5,10022|10023|10024,10|10|10,
202,,,5|5|5|5|5,10022|10023|10024,10|10|10,
203,,,5|5|5|5|5,10022|10023|10024,10|10|10,
204,,,5|5|5|5|5,10022|10023|10024,10|10|10,
205,,,5|5|5|5|5,10022|10023|10024,10|10|10,
206,,,5|5|5|5|5,10022|10023|10024|10025,10|10|10|15,
207,,,5|5|5|5|5,10022|10023|10024|10025,10|10|10|15,
208,,,5|5|5|5|5,10022|10023|10024|10025,10|10|10|15,
209,,,5|5|5|5|5,10022|10023|10024|10025,10|10|10|15,
210,,,5|5|5|5|5,10022|10023|10024|10025,10|10|10|15,20017
211,,,5|5|5|5|5,10022|10023|10024|10025|10026,20|30|40|50|60,
212,,,5|5|5|5|5,10022|10023|10024|10025|10026,20|30|40|50|60,
213,,,5|5|5|5|5,10022|10023|10024|10025|10026,20|30|40|50|60,
214,,,5|5|5|5|5,10022|10023|10024|10025|10026,20|30|40|50|60,
215,,,5|5|5|5|5,10022|10023|10024|10025|10026,20|30|40|50|60,
216,,,5|5|5|5|5,10022|10023|10024|10025|10026,20|30|40|50|60,
217,,,5|5|5|5|5,10022|10023|10024|10025|10026,20|30|40|50|60,
218,,,5|5|5|5|5,10022|10023|10024|10025|10026,20|30|40|50|60,
219,,,5|5|5|5|5,10022|10023|10024|10025|10026,20|30|40|50|60,
220,,,5|5|5|5|5,10022|10023|10024|10025|10026,20|30|40|50|60,20018
221,,,5|5|5|5|5,10022|10023|10024|10025|10026|10027,20|30|40|50|60|70,
222,,,5|5|5|5|5,10022|10023|10024|10025|10026|10027,20|30|40|50|60|70,
223,,,5|5|5|5|5,10022|10023|10024|10025|10026|10027,20|30|40|50|60|70,
224,,,5|5|5|5|5,10022|10023|10024|10025|10026|10027,20|30|40|50|60|70,
225,,,5|5|5|5|5,10022|10023|10024|10025|10026|10027,20|30|40|50|60|70,
226,,,5|5|5|5|5,10022|10023|10024|10025|10026|10027,20|30|40|50|60|70,
227,,,5|5|5|5|5,10022|10023|10024|10025|10026|10027,20|30|40|50|60|70,
228,,,5|5|5|5|5,10022|10023|10024|10025|10026|10027,20|30|40|50|60|70,
229,,,5|5|5|5|5,10022|10023|10024|10025|10026|10027,20|30|40|50|60|70,
230,,,5|5|5|5|5,10022|10023|10024|10025|10026|10027|10028,20|30|40|50|60|70|80,20019
231,,,5|5|5|5|5,10022|10023|10024|10025|10026|10027|10028,20|30|40|50|60|70|80,
232,,,5|5|5|5|5,10022|10023|10024|10025|10026|10027|10028,20|30|40|50|60|70|80,
233,,,5|5|5|5|5,10022|10023|10024|10025|10026|10027|10028,20|30|40|50|60|70|80,
234,,,5|5|5|5|5,10022|10023|10024|10025|10026|10027|10028,20|30|40|50|60|70|80,
235,,,5|5|5|5|5,10022|10023|10024|10025|10026|10027|10028,20|30|40|50|60|70|80,
236,,,5|5|5|5|5,10022|10023|10024|10025|10026|10027|10028,20|30|40|50|60|70|80,
237,,,5|5|5|5|5,10022|10023|10024|10025|10026|10027|10028,20|30|40|50|60|70|80,
238,,,5|5|5|5|5,10022|10023|10024|10025|10026|10027|10028,20|30|40|50|60|70|80,
239,,,5|5|5|5|5,10022|10023|10024|10025|10026|10027|10028,20|30|40|50|60|70|80,
240,,,5|5|5|5|5,10022|10023|10024|10025|10026|10027|10028,20|30|40|50|60|70|80,20020
241,,,5|5|5|5|5,10023|10024|10025|10026|10027|10028,10|30|40|50|60|70,
242,,,5|5|5|5|5,10023|10024|10025|10026|10027|10028,10|30|40|50|60|70,
243,,,5|5|5|5|5,10023|10024|10025|10026|10027|10028,10|30|40|50|60|70,
244,,,5|5|5|5|5,10023|10024|10025|10026|10027|10028,10|30|40|50|60|70,
245,,,5|5|5|5|5,10023|10024|10025|10026|10027|10028,10|30|40|50|60|70,
246,,,5|5|5|5|5,10023|10024|10025|10026|10027|10028,10|30|40|50|60|70,
247,,,5|5|5|5|5,10023|10024|10025|10026|10027|10028,10|30|40|50|60|70,
248,,,5|5|5|5|5,10023|10024|10025|10026|10027|10028,10|30|40|50|60|70,
249,,,5|5|5|5|5,10023|10024|10025|10026|10027|10028,10|30|40|50|60|70,
250,,,5|5|5|5|5,10023|10024|10025|10026|10027|10028,10|30|40|50|60|70,20021
251,,,5|5|5|5|5,10024|10025|10026|10027|10028|10029,10|30|40|50|60|70,
252,,,5|5|5|5|5,10024|10025|10026|10027|10028|10029,10|30|40|50|60|70,
253,,,5|5|5|5|5,10024|10025|10026|10027|10028|10029,10|30|40|50|60|70,
254,,,5|5|5|5|5,10024|10025|10026|10027|10028|10029,10|30|40|50|60|70,
255,,,5|5|5|5|5,10024|10025|10026|10027|10028|10029,10|30|40|50|60|70,
256,,,5|5|5|5|5,10024|10025|10026|10027|10028|10029,10|30|40|50|60|70,
257,,,5|5|5|5|5,10024|10025|10026|10027|10028|10029,10|30|40|50|60|70,
258,,,5|5|5|5|5,10024|10025|10026|10027|10028|10029,10|30|40|50|60|70,
259,,,5|5|5|5|5,10024|10025|10026|10027|10028|10029,10|30|40|50|60|70,
260,,,5|5|5|5|5,10024|10025|10026|10027|10028|10029,10|30|40|50|60|70,20022
261,,,5|5|5|5|5,10025|10026|10027|10028|10029|10030,10|30|40|50|60|70,
262,,,5|5|5|5|5,10024|10025|10026|10027|10028|10029,20|30|40|50|60|70,
263,,,5|5|5|5|5,10025|10026|10027|10028|10029|10030,20|30|40|50|60|70,
264,,,5|5|5|5|5,10024|10025|10026|10027|10028|10029,20|30|40|50|60|70,
265,,,5|5|5|5|5,10025|10026|10027|10028|10029|10030,20|30|40|50|60|70,
266,,,5|5|5|5|5,10024|10025|10026|10027|10028|10029,20|30|40|50|60|70,
267,,,5|5|5|5|5,10025|10026|10027|10028|10029|10030,20|30|40|50|60|70,
268,,,5|5|5|5|5,10024|10025|10026|10027|10028|10029,20|30|40|50|60|70,
269,,,5|5|5|5|5,10025|10026|10027|10028|10029|10030,20|30|40|50|60|70,
270,,,5|5|5|5|5,10025|10026|10027|10028|10029|10030,20|30|40|50|60|70,20023
271,,,5|5|5|5|5,10024|10025|10026|10027|10028|10029,20|30|40|50|60|70,
272,,,5|5|5|5|5,10025|10026|10027|10028|10029|10030,20|30|40|50|60|70,
273,,,5|5|5|5|5,10024|10025|10026|10027|10028|10029,20|30|40|50|60|70,
274,,,5|5|5|5|5,10025|10026|10027|10028|10029|10030,20|30|40|50|60|70,
275,,,5|5|5|5|5,10024|10025|10026|10027|10028|10029,20|30|40|50|60|70,
276,,,5|5|5|5|5,10025|10026|10027|10028|10029|10030,20|30|40|50|60|70,
277,,,5|5|5|5|5,10024|10025|10026|10027|10028|10029,20|30|40|50|60|70,
278,,,5|5|5|5|5,10025|10026|10027|10028|10029|10030,20|30|40|50|60|70,
279,,,5|5|5|5|5,10024|10025|10026|10027|10028|10031,20|30|40|50|60|70,
280,,,5|5|5|5|5,10026|10027|10028|10029|10030|10031,20|30|40|50|60|70,20024
281,,,5|5|5|5|5,10024|10025|10026|10027|10028|10031,20|30|40|50|60|70,
282,,,5|5|5|5|5,10026|10027|10028|10029|10030|10031,20|30|40|50|60|70,
283,,,5|5|5|5|5,10024|10025|10026|10027|10028|10031,20|30|40|50|60|70,
284,,,5|5|5|5|5,10024|10025|10026|10027|10028|10031,20|30|40|50|60|70,
285,,,5|5|5|5|5,10026|10027|10028|10029|10030|10031,20|30|40|50|60|70,
286,,,5|5|5|5|5,10024|10025|10026|10027|10028|10031,20|30|40|50|60|70,
287,,,5|5|5|5|5,10026|10027|10028|10029|10030|10031,20|30|40|50|60|70,
288,,,5|5|5|5|5,10024|10025|10026|10027|10028|10031,20|30|40|50|60|70,
289,,,5|5|5|5|5,10026|10027|10028|10029|10030|10031,20|30|40|50|60|70,
290,,,5|5|5|5|5,10024|10025|10026|10027|10028|10031,20|30|40|50|60|70,20025
291,,,5|5|5|5|5,10026|10027|10028|10029|10030|10031,20|30|40|50|60|70,
292,,,5|5|5|5|5,10024|10025|10026|10027|10028|10031,20|30|40|50|60|70,
293,,,5|5|5|5|5,10026|10027|10028|10029|10030|10031,20|30|40|50|60|70,
294,,,5|5|5|5|5,10024|10025|10026|10027|10028|10031,20|30|40|50|60|70,
295,,,5|5|5|5|5,10026|10027|10028|10029|10030|10031,20|30|40|50|60|70,
296,,,5|5|5|5|5,10024|10025|10026|10027|10028|10031,20|30|40|50|60|70,
297,,,5|5|5|5|5,10026|10027|10028|10029|10030|10031,20|30|40|50|60|70,
298,,,5|5|5|5|5,10024|10025|10026|10027|10028|10031,20|30|40|50|60|70,
299,,,5|5|5|5|5,10026|10027|10028|10029|10030|10031,20|30|40|50|60|70,
300,,,5|5|5|5|5,10026|10027|10028|10029|10030|10031,20|30|40|50|60|70,20026
301,AncientForest,,5|5|5|5|5,10401|10402,10|10,
302,,,5|5|5|5|5,10401|10402|10403,10|10|10,
303,,,5|5|5|5|5,10401|10402|10403|10404,10|10|10|10,
304,,,5|5|5|5|5,10401|10402|10403|10404|10405,10|10|10|10|10,
305,,,5|5|5|5|5,10401|10402|10403|10404|10405,20|30|40|50|60,
306,,,5|5|5|5|5,10401|10402|10403|10404|10405,20|30|40|50|60,
307,,,5|5|5|5|5,10401|10402|10403|10404|10405,20|30|40|50|60,
308,,,5|5|5|5|5,10401|10402|10403|10404|10405,20|30|40|50|60,
309,,,5|5|5|5|5,10401|10402|10403|10404|10405,20|30|40|50|60,
310,,,5|5|5|5|5,10402|10403|10404|10405|10406,20|30|40|50|60,20401
311,,,5|5|5|5|5,10402|10403|10404|10405|10406,20|30|40|50|60,
312,,,5|5|5|5|5,10402|10403|10404|10405|10406,20|30|40|50|60,
313,,,5|5|5|5|5,10402|10403|10404|10405|10406,20|30|40|50|60,
314,,,5|5|5|5|5,10402|10403|10404|10405|10406,20|30|40|50|60,
315,,,5|5|5|5|5,10402|10403|10404|10405|10406,20|30|40|50|60,
316,,,5|5|5|5|5,10402|10403|10404|10405|10406,20|30|40|50|60,
317,,,5|5|5|5|5,10402|10403|10404|10405|10406,20|30|40|50|60,
318,,,5|5|5|5|5,10402|10403|10404|10405|10406,20|30|40|50|60,
319,,,5|5|5|5|5,10402|10403|10404|10405|10406,20|30|40|50|60,
320,,,5|5|5|5|5,10403|10404|10405|10406|10407,20|30|40|50|60,20402
321,,,5|5|5|5|5,10403|10404|10405|10406|10407,20|30|40|50|60,
322,,,5|5|5|5|5,10403|10404|10405|10406|10407,20|30|40|50|60,
323,,,5|5|5|5|5,10403|10404|10405|10406|10407,20|30|40|50|60,
324,,,5|5|5|5|5,10403|10404|10405|10406|10407,20|30|40|50|60,
325,,,5|5|5|5|5,10403|10404|10405|10406|10407,20|30|40|50|60,
326,,,5|5|5|5|5,10403|10404|10405|10406|10407,20|30|40|50|60,
327,,,5|5|5|5|5,10403|10404|10405|10406|10407,20|30|40|50|60,
328,,,5|5|5|5|5,10403|10404|10405|10406|10407,20|30|40|50|60,
329,,,5|5|5|5|5,10403|10404|10405|10406|10407,20|30|40|50|60,
330,,,5|5|5|5|5,10404|10405|10406|10407|10408,20|30|40|50|60,20403
331,,,5|5|5|5|5,10404|10405|10406|10407|10408,20|30|40|50|60,
332,,,5|5|5|5|5,10404|10405|10406|10407|10408,20|30|40|50|60,
333,,,5|5|5|5|5,10404|10405|10406|10407|10408,20|30|40|50|60,
334,,,5|5|5|5|5,10404|10405|10406|10407|10408,20|30|40|50|60,
335,,,5|5|5|5|5,10404|10405|10406|10407|10408,20|30|40|50|60,
336,,,5|5|5|5|5,10404|10405|10406|10407|10408,20|30|40|50|60,
337,,,5|5|5|5|5,10404|10405|10406|10407|10408,20|30|40|50|60,
338,,,5|5|5|5|5,10404|10405|10406|10407|10408,20|30|40|50|60,
339,,,5|5|5|5|5,10404|10405|10406|10407|10408,20|30|40|50|60,
340,,,5|5|5|5|5,10405|10406|10407|10408|10409,20|30|40|50|60,20404
341,,,5|5|5|5|5,10405|10406|10407|10408|10409,20|30|40|50|60,
342,,,5|5|5|5|5,10405|10406|10407|10408|10409,20|30|40|50|60,
343,,,5|5|5|5|5,10405|10406|10407|10408|10409,20|30|40|50|60,
344,,,5|5|5|5|5,10405|10406|10407|10408|10409,20|30|40|50|60,
345,,,5|5|5|5|5,10405|10406|10407|10408|10409,20|30|40|50|60,
346,,,5|5|5|5|5,10405|10406|10407|10408|10409,20|30|40|50|60,
347,,,5|5|5|5|5,10405|10406|10407|10408|10409,20|30|40|50|60,
348,,,5|5|5|5|5,10405|10406|10407|10408|10409,20|30|40|50|60,
349,,,5|5|5|5|5,10405|10406|10407|10408|10409,20|30|40|50|60,
350,,,5|5|5|5|5,10406|10407|10408|10409|10410,20|30|40|50|60,20405
351,,,5|5|5|5|5,10406|10407|10408|10409|10410,20|30|40|50|60,
352,,,5|5|5|5|5,10406|10407|10408|10409|10410,20|30|40|50|60,
353,,,5|5|5|5|5,10406|10407|10408|10409|10410,20|30|40|50|60,
354,,,5|5|5|5|5,10406|10407|10408|10409|10410,20|30|40|50|60,
355,,,5|5|5|5|5,10406|10407|10408|10409|10410,20|30|40|50|60,
356,,,5|5|5|5|5,10406|10407|10408|10409|10410,20|30|40|50|60,
357,,,5|5|5|5|5,10406|10407|10408|10409|10410,20|30|40|50|60,
358,,,5|5|5|5|5,10406|10407|10408|10409|10410,20|30|40|50|60,
359,,,5|5|5|5|5,10406|10407|10408|10409|10410,20|30|40|50|60,
360,,,5|5|5|5|5,10406|10407|10408|10409|10410|10411,20|30|40|50|60|70,20406
361,,,5|5|5|5|5,10406|10407|10408|10409|10410|10411,20|30|40|50|60|70,
362,,,5|5|5|5|5,10406|10407|10408|10409|10410|10411,20|30|40|50|60|70,
363,,,5|5|5|5|5,10406|10407|10408|10409|10410|10411,20|30|40|50|60|70,
364,,,5|5|5|5|5,10406|10407|10408|10409|10410|10411,20|30|40|50|60|70,
365,,,5|5|5|5|5,10406|10407|10408|10409|10410|10411,20|30|40|50|60|70,
366,,,5|5|5|5|5,10406|10407|10408|10409|10410|10411,20|30|40|50|60|70,
367,,,5|5|5|5|5,10406|10407|10408|10409|10410|10411,20|30|40|50|60|70,
368,,,5|5|5|5|5,10406|10407|10408|10409|10410|10411,20|30|40|50|60|70,
369,,,5|5|5|5|5,10406|10407|10408|10409|10410|10411,20|30|40|50|60|70,
370,,,5|5|5|5|5,10406|10407|10408|10409|10410|10411,20|30|40|50|60|70,20407
371,,,5|5|5|5|5,10407|10408|10409|10410|10411|10412,20|30|40|50|60|70,
372,,,5|5|5|5|5,10407|10408|10409|10410|10411|10412,20|30|40|50|60|70,
373,,,5|5|5|5|5,10407|10408|10409|10410|10411|10412,20|30|40|50|60|70,
374,,,5|5|5|5|5,10407|10408|10409|10410|10411|10412,20|30|40|50|60|70,
375,,,5|5|5|5|5,10407|10408|10409|10410|10411|10412,20|30|40|50|60|70,
376,,,5|5|5|5|5,10407|10408|10409|10410|10411|10412,20|30|40|50|60|70,
377,,,5|5|5|5|5,10407|10408|10409|10410|10411|10412,20|30|40|50|60|70,
378,,,5|5|5|5|5,10407|10408|10409|10410|10411|10412,20|30|40|50|60|70,
379,,,5|5|5|5|5,10407|10408|10409|10410|10411|10412,20|30|40|50|60|70,
380,,,5|5|5|5|5,10408|10409|10410|10411|10412|10413,20|30|40|50|60|70,20408
381,,,5|5|5|5|5,10408|10409|10410|10411|10412|10413,20|30|40|50|60|70,
382,,,5|5|5|5|5,10408|10409|10410|10411|10412|10413,20|30|40|50|60|70,
383,,,5|5|5|5|5,10408|10409|10410|10411|10412|10413,20|30|40|50|60|70,
384,,,5|5|5|5|5,10408|10409|10410|10411|10412|10413,20|30|40|50|60|70,
385,,,5|5|5|5|5,10408|10409|10410|10411|10412|10413,20|30|40|50|60|70,
386,,,5|5|5|5|5,10408|10409|10410|10411|10412|10413,20|30|40|50|60|70,
387,,,5|5|5|5|5,10408|10409|10410|10411|10412|10413,20|30|40|50|60|70,
388,,,5|5|5|5|5,10408|10409|10410|10411|10412|10413,20|30|40|50|60|70,
389,,,5|5|5|5|5,10408|10409|10410|10411|10412|10413,20|30|40|50|60|70,
390,,,5|5|5|5|5,10408|10409|10410|10411|10412|10413|10414,10|30|40|50|60|70|80,20409
391,,,5|5|5|5|5,10408|10409|10410|10411|10412|10413|10414,10|30|40|50|60|70|80,
392,,,5|5|5|5|5,10408|10409|10410|10411|10412|10413|10414,10|30|40|50|60|70|80,
393,,,5|5|5|5|5,10408|10409|10410|10411|10412|10413|10414,10|30|40|50|60|70|80,
394,,,5|5|5|5|5,10408|10409|10410|10411|10412|10413|10414,10|30|40|50|60|70|80,
395,,,5|5|5|5|5,10408|10409|10410|10411|10412|10413|10414,10|30|40|50|60|70|80,
396,,,5|5|5|5|5,10408|10409|10410|10411|10412|10413|10414,10|30|40|50|60|70|80,
397,,,5|5|5|5|5,10408|10409|10410|10411|10412|10413|10414,10|30|40|50|60|70|80,
398,,,5|5|5|5|5,10408|10409|10410|10411|10412|10413|10414,10|30|40|50|60|70|80,
399,,,5|5|5|5|5,10408|10409|10410|10411|10412|10413|10414,10|30|40|50|60|70|80,
400,,,5|5|5|5|5,10410|10411|10412|10413|10414,30|50|60|70|80,20410
401,Ruin,,5|5|5|5|5,10501|10502,10|10,
402,,,5|5|5|5|5,10501|10502|10503,10|10|10,
403,,,5|5|5|5|5,10501|10502|10503|10504,10|10|10|10,
404,,,5|5|5|5|5,10501|10502|10503|10504|10505,10|10|10|10|10,
405,,,5|5|5|5|5,10501|10502|10503|10504|10505,20|30|40|50|60,
406,,,5|5|5|5|5,10501|10502|10503|10504|10505,20|30|40|50|60,
407,,,5|5|5|5|5,10501|10502|10503|10504|10505,20|30|40|50|60,
408,,,5|5|5|5|5,10501|10502|10503|10504|10505,20|30|40|50|60,
409,,,5|5|5|5|5,10501|10502|10503|10504|10505,20|30|40|50|60,
410,,,5|5|5|5|5,10502|10503|10504|10505|10506,20|30|40|50|60,20501
411,,,5|5|5|5|5,10502|10503|10504|10505|10506,20|30|40|50|60,
412,,,5|5|5|5|5,10502|10503|10504|10505|10506,20|30|40|50|60,
413,,,5|5|5|5|5,10502|10503|10504|10505|10506,20|30|40|50|60,
414,,,5|5|5|5|5,10503|10504|10505|10506|10507,20|30|40|50|60,
415,,,5|5|5|5|5,10503|10504|10505|10506|10507,20|30|40|50|60,
416,,,5|5|5|5|5,10503|10504|10505|10506|10507,20|30|40|50|60,
417,,,5|5|5|5|5,10503|10504|10505|10506|10507,20|30|40|50|60,
418,,,5|5|5|5|5,10503|10504|10505|10506|10507,20|30|40|50|60,
419,,,5|5|5|5|5,10503|10504|10505|10506|10507,20|30|40|50|60,
420,,,5|5|5|5|5,10503|10504|10505|10506|10508,20|30|40|50|60,20502
421,,,5|5|5|5|5,10503|10504|10505|10506|10508,20|30|40|50|60,
422,,,5|5|5|5|5,10503|10504|10505|10506|10508,20|30|40|50|60,
423,,,5|5|5|5|5,10503|10504|10505|10506|10508,20|30|40|50|60,
424,,,5|5|5|5|5,10503|10504|10505|10506|10508,20|30|40|50|60,
425,,,5|5|5|5|5,10504|10505|10506|10507|10508|10509,20|30|40|50|60|70,
426,,,5|5|5|5|5,10504|10505|10506|10507|10508|10509,20|30|40|50|60|70,
427,,,5|5|5|5|5,10504|10505|10506|10507|10508|10509,20|30|40|50|60|70,
428,,,5|5|5|5|5,10504|10505|10506|10507|10508|10509,20|30|40|50|60|70,
429,,,5|5|5|5|5,10504|10505|10506|10507|10508|10509,20|30|40|50|60|70,
430,,,5|5|5|5|5,10510|10505|10506|10507|10508|10509,20|30|40|50|60|70,20503
431,,,5|5|5|5|5,10510|10505|10506|10507|10508|10509,20|30|40|50|60|70,
432,,,5|5|5|5|5,10510|10505|10506|10507|10508|10509,20|30|40|50|60|70,
433,,,5|5|5|5|5,10510|10505|10506|10507|10508|10509,20|30|40|50|60|70,
434,,,5|5|5|5|5,10510|10505|10506|10507|10508|10509,20|30|40|50|60|70,
435,,,5|5|5|5|5,10510|10505|10506|10507|10508|10509|10511,20|30|40|50|60|70,
436,,,5|5|5|5|5,10510|10505|10506|10507|10508|10509|10511,20|30|40|50|60|70,
437,,,5|5|5|5|5,10510|10505|10506|10507|10508|10509|10511,20|30|40|50|60|70,
438,,,5|5|5|5|5,10510|10505|10506|10507|10508|10509|10511,20|30|40|50|60|70,
439,,,5|5|5|5|5,10510|10505|10506|10507|10508|10509|10511,20|30|40|50|60|70,
440,,,5|5|5|5|5,10512|10505|10506|10507|10508|10509|10511,20|30|40|50|60|70,20504
441,,,5|5|5|5|5,10512|10505|10506|10507|10508|10509|10511,20|30|40|50|60|70,
442,,,5|5|5|5|5,10512|10505|10506|10507|10508|10509|10511,20|30|40|50|60|70,
443,,,5|5|5|5|5,10513|10507|10508|10509|10510|10511|10512,20|30|40|50|60|70,
444,,,5|5|5|5|5,10513|10507|10508|10509|10510|10511|10512,20|30|40|50|60|70,
445,,,5|5|5|5|5,10513|10507|10508|10509|10510|10511|10512,20|30|40|50|60|70,
446,,,5|5|5|5|5,10513|10507|10508|10509|10510|10511|10512,20|30|40|50|60|70,
447,,,5|5|5|5|5,10513|10507|10508|10509|10510|10511|10512,20|30|40|50|60|70,
448,,,5|5|5|5|5,10514|10509|10508|10510|10511|10512|10513,20|30|40|50|60|70,
449,,,5|5|5|5|5,10514|10509|10508|10510|10511|10512|10513,20|30|40|50|60|70,
450,,,5|5|5|5|5,10514|10509|10508|10510|10511|10512|10513,20|30|40|50|60|70,20505
451,,,5|5|5|5|5,10514|10509|10508|10510|10511|10512|10513,20|30|40|50|60|70,
452,,,5|5|5|5|5,10514|10509|10508|10510|10511|10512|10513,20|30|40|50|60|70,
453,,,5|5|5|5|5,10511|10509|10508|10510|10513|10512|10514,20|30|40|50|60|70,
454,,,5|5|5|5|5,10511|10509|10508|10510|10513|10512|10514,20|30|40|50|60|70,
455,,,5|5|5|5|5,10511|10509|10508|10510|10513|10512|10514,20|30|40|50|60|70,
456,,,5|5|5|5|5,10511|10509|10508|10510|10513|10512|10514,20|30|40|50|60|70,
457,,,5|5|5|5|5,10514|10509|10508|10510|10511|10512|10513,20|30|40|50|60|70,
458,,,5|5|5|5|5,10511|10509|10508|10510|10513|10512|10514,20|30|40|50|60|70,
459,,,5|5|5|5|5,10514|10509|10508|10510|10511|10512|10513,20|30|40|50|60|70,
460,,,5|5|5|5|5,10511|10509|10508|10510|10513|10512|10514,20|30|40|50|60|70,20506
461,,,5|5|5|5|5,10514|10509|10508|10510|10511|10512|10513,20|30|40|50|60|70,
462,,,5|5|5|5|5,10511|10509|10508|10510|10513|10512|10514,20|30|40|50|60|70,
463,,,5|5|5|5|5,10514|10509|10508|10510|10511|10512|10513,20|30|40|50|60|70,
464,,,5|5|5|5|5,10511|10509|10508|10510|10513|10512|10514,20|30|40|50|60|70,
465,,,5|5|5|5|5,10514|10509|10508|10510|10511|10512|10513,20|30|40|50|60|70,
466,,,5|5|5|5|5,10510|10505|10506|10507|10508|10509|10511,20|30|40|50|60|70,
467,,,5|5|5|5|5,10514|10509|10508|10510|10511|10512|10513,20|30|40|50|60|70,
468,,,5|5|5|5|5,10510|10505|10506|10507|10508|10509|10511,20|30|40|50|60|70,
469,,,5|5|5|5|5,10511|10509|10508|10510|10513|10512|10514,20|30|40|50|60|70,
470,,,5|5|5|5|5,10514|10509|10508|10510|10511|10512|10513,20|30|40|50|60|70,20507
471,,,5|5|5|5|5,10510|10505|10506|10507|10508|10509|10511,20|30|40|50|60|70,
472,,,5|5|5|5|5,10513|10507|10508|10509|10510|10511|10512,20|30|40|50|60|70,
473,,,5|5|5|5|5,10511|10509|10508|10510|10513|10512|10514,20|30|40|50|60|70,
474,,,5|5|5|5|5,10514|10509|10508|10510|10511|10512|10513,20|30|40|50|60|70,
475,,,5|5|5|5|5,10510|10505|10506|10507|10508|10509|10511,20|30|40|50|60|70,
476,,,5|5|5|5|5,10513|10507|10508|10509|10510|10511|10512,20|30|40|50|60|70,
477,,,5|5|5|5|5,10511|10509|10508|10510|10513|10512|10514,20|30|40|50|60|70,
478,,,5|5|5|5|5,10514|10509|10508|10510|10511|10512|10513,20|30|40|50|60|70,
479,,,5|5|5|5|5,10510|10505|10506|10507|10508|10509|10511,20|30|40|50|60|70,
480,,,5|5|5|5|5,10513|10507|10508|10509|10510|10511|10512,20|30|40|50|60|70,20508
481,,,5|5|5|5|5,10511|10509|10508|10510|10513|10512|10514,20|30|40|50|60|70,
482,,,5|5|5|5|5,10514|10509|10508|10510|10511|10512|10513,20|30|40|50|60|70,
483,,,5|5|5|5|5,10510|10505|10506|10507|10508|10509|10511,20|30|40|50|60|70,
484,,,5|5|5|5|5,10513|10507|10508|10509|10510|10511|10512,20|30|40|50|60|70,
485,,,5|5|5|5|5,10511|10509|10508|10510|10513|10512|10514,20|30|40|50|60|70,
486,,,5|5|5|5|5,10514|10509|10508|10510|10511|10512|10513,20|30|40|50|60|70,
487,,,5|5|5|5|5,10510|10505|10506|10507|10508|10509|10511,20|30|40|50|60|70,
488,,,5|5|5|5|5,10513|10507|10508|10509|10510|10511|10512,20|30|40|50|60|70,
489,,,5|5|5|5|5,10514|10509|10508|10510|10511|10512|10513,20|30|40|50|60|70,
490,,,5|5|5|5|5,10514|10509|10508|10510|10513|10512|10515,20|30|40|50|60|70,20509
491,,,5|5|5|5|5,10516|10509|10508|10510|10513|10512|10515,20|30|40|50|60|70,
492,,,5|5|5|5|5,10514|10516|10508|10510|10513|10512|10515,20|30|40|50|60|70,
493,,,5|5|5|5|5,10511|10510|10516|10514|10512|10513|10515,20|30|40|50|60|70,
494,,,5|5|5|5|5,10511|10510|10514|10516|10512|10513|10515,20|30|40|50|60|70,
495,,,5|5|5|5|5,10511|10510|10514|10512|10516|10513|10515,20|30|40|50|60|70,
496,,,5|5|5|5|5,10511|10510|10514|10513|10512|10516|10515,20|30|40|50|60|70,
497,,,5|5|5|5|5,10511|10510|10514|10513|10512|10515|10516,20|30|40|50|60|70,
498,,,5|5|5|5|5,10511|10510|10514|10513|10512|10515|10516,20|30|40|50|60|90,
499,,,5|5|5|5|5,10511|10510|10514|10513|10512|10515|10516,20|30|40|50|60|150,
500,,,5|5|5|5|5,10511|10510|10514|10513|10512|10515|10516,20|30|80|50|100|200,20510
